id,title,body,predicted_label,confidence,corrected_label,is_correct,timestamp
307cc5b0-5be1-46dc-8b04-0e6243b3ade6,Application crashes on login with valid credentials,Steps to reproduce: 1. Enter valid username and password. 2. Click 'Login'. Expected: Dashboard loads. Actual: App crashes with error 'NullPointerException'. Can you help resolve this?,enhancement,0.526728579,question,No,39:40.9
3100b70c-0251-4691-ad9d-5f13154d553a,Add the ability to export reports in CSV format,"It would be great if users could export their reports in CSV format. Currently, only PDF export is supported, but CSV would allow easier data manipulation in spreadsheets.",enhancement,0.526728579,enhancement,Yes,41:29.0
8e2b4910-cfbe-4252-b9cb-bf456c4fd035,Application crashes on login with valid credentials,Steps to reproduce: 1. Enter valid username and password. 2. Click 'Login'. Expected: Dashboard loads. Actual: App crashes with error 'NullPointerException'. Can you help resolve this?,enhancement,0.526728579,bug,No,42:40.5
1a14c5e2-05f3-4c88-8520-1fdad75c842a,Application not loading,Steps to reproduce: 1. Open app 2. Wait for app to load. Expected: App loads. Actual: App freezes.,bug,0.6125438,bug,Yes,10:23.0
3d22ac8e-04a1-428b-b57f-d9922d0c5854,Add support for dark mode,It would be helpful to have a dark mode option for better usability in low-light environments.,enhancement,0.5678254,enhancement,Yes,12:10.5
5f3b7b71-97e3-4d18-a67f-1c3703e6a8b3,App freezes when opening settings,Steps to reproduce: 1. Open app 2. Go to settings. Expected: Settings page loads. Actual: App freezes.,bug,0.5920123,bug,Yes,15:45.1
7d42e1cf-0221-4b0e-84b9-d9b3c2ef742d,Add multi-language support,Users should be able to select their preferred language for better accessibility.,enhancement,0.6549887,enhancement,Yes,17:30.9
9b7fcb2f-05c3-4772-b4be-c9683b75a32d,Error message when submitting form,"Steps to reproduce: 1. Fill out form 2. Submit. Expected: Form submission successful. Actual: ""Error 404"".",bug,0.5897432,bug,Yes,19:02.7
6c87f30b-682a-4d55-900f-2e7f07b1c5b9,App crashes when opening camera,Steps to reproduce: 1. Open app 2. Click on camera button. Expected: Camera view loads. Actual: App crashes.,bug,0.6349271,bug,Yes,21:50.4
87a5bc93-9180-4090-a269-c75ca418a462,Add search functionality to home page,It would be helpful to add a search bar on the home page to quickly find items.,enhancement,0.6779231,enhancement,Yes,22:15.9
a45c91f3-07e0-4f7a-9187-5f6dffdc0c02,Missing notifications for important updates,Users should receive notifications for important system updates.,enhancement,0.7012893,enhancement,Yes,24:03.2
dfd2c218-5a2a-4d89-b1ea-c6231ec421c3,App not syncing with cloud storage,Steps to reproduce: 1. Open app 2. Try syncing files. Expected: Sync completes. Actual: Sync fails.,bug,0.6141284,bug,Yes,26:19.8
20b6a4b8-8185-4a07-b09e-8fe228fd9957,Add feature to save favorite items,Users should be able to mark items as favorites for quicker access later.,enhancement,0.6812294,enhancement,Yes,28:10.1
9d9c5f99-b09a-45c4-a06b-72c92b1b13c9,App crashes when logging out,Steps to reproduce: 1. Log in 2. Click on logout button. Expected: Successful logout. Actual: App crashes.,bug,0.6157857,bug,Yes,30:42.8
31f9ef7d-cfbf-470d-b1cc-1dff33a0f5bc,Ability to sort items by price,It would be helpful to add the option to sort items by price on the product listing page.,enhancement,0.6971239,enhancement,Yes,32:01.6
52a490c8-87fc-4ad5-a3fe-bdece4b9fe49,Incorrect password error message,Steps to reproduce: 1. Enter invalid password. Expected: Display error message. Actual: Incorrect message shown.,bug,0.6497223,bug,Yes,33:58.0
c242b798-1fe9-4a1b-8d80-bb2f1c93910d,Add email notifications for new messages,Users should be notified via email when they receive a new message in the app.,enhancement,0.6456473,enhancement,Yes,35:22.3
8e7b1a9d-6025-4e85-b58b-ecb74a66bb9b,App unable to load images in gallery,"Steps to reproduce: 1. Open gallery 2. Try loading images. Expected: Images load. Actual: ""Error loading images.""",bug,0.5641354,bug,Yes,36:48.7
319b6ab3-5e57-47d9-8830-3d3e2b488f61,Add ability to filter search results,"Users should be able to filter search results by category, date, or popularity.",enhancement,0.6273518,enhancement,Yes,38:12.5
f8a6c01d-b5a5-4648-b64f-b0b1ac9a562b,App keeps logging out automatically,Steps to reproduce: 1. Log in 2. Use the app for a few minutes. Expected: Stay logged in. Actual: Logged out automatically.,bug,0.6089453,bug,Yes,39:50.2
4b8f8158-c3ed-4e3b-8da7-7a4a6c678fc3,Add feature to export contacts,Users should be able to export contacts to a CSV or VCF file.,enhancement,0.6829437,enhancement,Yes,41:19.8
2b36dbf1-d0e7-4b30-becf-d906a4ae38a0,Slow performance when opening app,Steps to reproduce: 1. Open app 2. Wait for it to load. Expected: App loads quickly. Actual: It takes a long time.,bug,0.5632951,bug,Yes,43:02.7
9ad6ab5b-5d5a-45d0-a016-06e9b68750b3,Missing option to change theme,It would be nice if users could change the app's color theme to match their preferences.,enhancement,0.5976934,enhancement,Yes,45:40.2
68e517ac-7dba-4a98-9e3a-87a9920da7c5,App not notifying for new messages,Steps to reproduce: 1. Send a message. 2. Wait for notification. Expected: Receive notification. Actual: No notification received.,bug,0.6753292,bug,Yes,47:11.4
740b4f65-4d19-4ab8-91ff-d8b779d85c7d,Add integration with Google Drive,Users should be able to connect their Google Drive to the app for easier file sharing.,enhancement,0.7050383,enhancement,Yes,49:00.1
6f1a97cb-4e0f-4ff9-8d2a-7ab42e28552d,Video player not working in full-screen mode,Steps to reproduce: 1. Play a video 2. Switch to full-screen mode. Expected: Video plays in full screen. Actual: Video player crashes.,bug,0.6481203,bug,Yes,51:21.8
91b759a7-c02a-4935-94cc-c1a0d5c2fd83,Add ability to schedule posts,Users should be able to schedule their posts to be published at a later time.,enhancement,0.6891425,enhancement,Yes,52:40.9
b7d206fb-9d3e-44d9-bd04-7cc4b0300e76,Error when trying to update app,Steps to reproduce: 1. Open app store 2. Try to update the app. Expected: Update successful. Actual: Error message displayed.,bug,0.5719256,bug,Yes,54:09.7
94db0d01-8425-421a-b542-c36c92e05d9c,Add support for voice search,Users should be able to search using voice commands.,enhancement,0.7110242,enhancement,Yes,56:12.4
09e946e8-d90f-4ad4-9f12-489756b0de98,App crashing when connecting to Bluetooth,Steps to reproduce: 1. Turn on Bluetooth 2. Connect device. Expected: Connection successful. Actual: App crashes.,bug,0.6828034,bug,Yes,58:23.1
1a5c4bb1-e44d-47db-b636-d961b2e462fe,Feature to allow password reset via email,Users should be able to reset their password by receiving a link via email.,enhancement,0.6348927,enhancement,Yes,59:50.5
8bcdb60d-3bcd-4296-a903-9d3c8dcb7c29,Add option to reset password,Users should be able to reset their password from the login page via a secure email link.,enhancement,0.7234092,enhancement,Yes,01:05.2
a00b79b3-906f-484a-97cf-d9073fe34d12,App crashes when trying to open notifications,Steps to reproduce: 1. Open app 2. Click on notifications tab. Expected: Notifications load. Actual: App crashes.,bug,0.6129348,bug,Yes,02:10.4
5c289d67-b24e-4d94-9e51-41763d6b0aeb,Improve speed of app launch,"The app launches slowly and should be optimized to load faster, especially on lower-end devices.",enhancement,0.6924523,enhancement,Yes,03:55.1
3e847fa7-c04a-4e96-9b2f-4567b949a6d0,App not saving progress in offline mode,Steps to reproduce: 1. Work in offline mode 2. Try saving progress. Expected: Progress saved. Actual: Data is lost.,bug,0.6314562,bug,Yes,05:22.7
3a4c8b5c-c35e-42b9-9f72-c71c1bc9c531,Add option for users to change their username,Users should have the ability to change their username without contacting support.,enhancement,0.7383627,enhancement,Yes,07:10.3
6d18f243-e9f4-4f72-b544-8a1ad80d8bb0,Error message on submitting feedback form,"Steps to reproduce: 1. Fill out feedback form 2. Submit. Expected: Feedback submitted. Actual: ""Invalid Input"" error message.",bug,0.6758394,bug,Yes,08:43.6
7821c21a-ff2f-4694-9b35-c7b615c3a28d,Add option to export data to Excel,Users should be able to export their data to Excel for further analysis and reporting.,enhancement,0.6592347,enhancement,Yes,10:25.8
b35d0979-0e0d-418d-9f7f-8e8bcd2cfc72,App not displaying correct data after update,Steps to reproduce: 1. Update app 2. Open a page with data. Expected: Data displayed correctly. Actual: Incorrect data shown.,bug,0.6930846,bug,Yes,11:58.2
1a582634-173d-487b-8317-847dff051828,Add fingerprint login option,It would be great to add fingerprint login support for faster and more secure authentication.,enhancement,0.7041929,enhancement,Yes,13:15.9
fbe3d93c-5c62-409f-99db-df558e913b4f,App crashing after latest update,Steps to reproduce: 1. Open app after update. Expected: App opens smoothly. Actual: App crashes on launch.,bug,0.6215873,bug,Yes,14:41.7
2f37934a-b75e-48fa-9fa0-8fcf424a5bfa,Feature to delete account,Users should be able to delete their account directly from the app for privacy reasons.,enhancement,0.7482306,enhancement,Yes,16:20.0
b7cdb438-02de-4538-9617-949602f97d75,App not connecting to Wi-Fi,"Steps to reproduce: 1. Open app 2. Try to connect to Wi-Fi. Expected: Successful connection. Actual: ""Unable to connect"" error.",bug,0.6334895,bug,Yes,17:03.5
289dc063-42f4-4d5a-9131-7c3f07c3b42c,Add support for multiple profiles,It would be helpful if the app allowed users to have multiple profiles for different accounts or purposes.,enhancement,0.6749831,enhancement,Yes,18:56.3
83fc6b3c-d88b-40c7-b003-cf5ec61578c1,App crashes when accessing settings menu,Steps to reproduce: 1. Open settings. Expected: Settings menu loads. Actual: App crashes.,bug,0.6187759,bug,Yes,20:33.7
6d869548-8cdb-42cd-93d7-87619f4e97db,Add push notifications for important messages,Users should be notified about important updates and messages via push notifications.,enhancement,0.7015825,enhancement,Yes,22:05.6
a27f9ecf-b342-4084-9c7f-fb72fe1d4c87,App not responding to touch input,Steps to reproduce: 1. Try to tap a button in the app. Expected: Button should respond. Actual: No response.,bug,0.6108701,bug,Yes,23:42.9
8f90e7a5-b798-4301-9a5c-beb8a3f0b16c,Add option to sort by date,It would be useful to add a date sorting option in the app to view items chronologically.,enhancement,0.6809731,enhancement,Yes,25:01.4
4c4e9fcd-4f99-4c85-9096-420def973b0f,App crashing after entering incorrect password,Steps to reproduce: 1. Enter incorrect password. Expected: Display error message. Actual: App crashes.,bug,0.6292041,bug,Yes,26:22.8
0a7cc0a5-cd33-43de-835e-bdc8f2b4e0b0,Add sorting options for product listings,"Users should be able to sort products by price, rating, and availability in the listings.",enhancement,0.7326523,enhancement,Yes,28:05.0
75b28b59-0202-4a7e-9c81-86c4b85099c4,App not loading images in chat,"Steps to reproduce: 1. Open chat 2. Try to load images. Expected: Images display. Actual: ""Error loading image.""",bug,0.6947821,bug,Yes,29:18.6
b16f6572-5e4f-4f53-9739-7f4b7ec90616,Feature to view app usage statistics,Users should be able to see usage statistics to monitor their app engagement and habits.,enhancement,0.738592,enhancement,Yes,30:52.1
f3a8b9e1-03fe-4d3f-b8b3-615c2c9c0d1d,Why does the app keep logging me out?,I am frequently logged out of the app after short periods of inactivity. Any idea why this happens?,question,0.7121124,question,Yes,02:40.9
4f893fd7-710b-47b4-9e66-7c3c420dfb85,How do I reset my password?,I forgot my password and can't find the reset option. Can someone guide me on how to reset it?,question,0.6948293,question,Yes,04:02.8
96b087b9-14ed-4f56-83e5-97a64b3035c3,Why can't I upload large files?,"I am trying to upload a file that is over 100MB, but it keeps failing. Is there a file size limit?",question,0.634289,question,Yes,05:14.7
88d5b19d-eed9-4299-8d5f-96e8f58bce85,Does this app support integration with Dropbox?,"I want to link my Dropbox account with the app, but I don't see an option. Can someone confirm?",question,0.7215478,question,Yes,06:38.3
2c5a9eaf-d505-4317-b5b0-5d61d2edbe55,How do I delete my account permanently?,I've looked everywhere but can't find the option to delete my account. Can anyone help?,question,0.6890392,question,Yes,08:09.2
ccc05a4d-4355-4ab1-a924-28e86c033b0a,Why am I not getting notifications for new messages?,"I haven't been receiving notifications for new messages, even though I've enabled them. Is this a bug?",question,0.6679436,question,Yes,09:40.1
54d9f489-4b34-4bb2-b5b2-2359d52a5f98,How can I change my email address in the app?,"I need to update my email address, but I can't find any option to do so. Any advice?",question,0.6403128,question,Yes,11:12.6
63b98074-d34b-487a-a8fd-d1ae11e59c2c,App freezing when opening the profile section,"Every time I try to open my profile, the app freezes. Is anyone else experiencing this?",question,0.6100193,question,Yes,12:45.2
746bdfd2-2d80-4c77-8c0e-8b324df1d0ed,Why doesn't the app work on my device?,"I have an older version of Android, and the app won't load. Does it require a newer version of Android?",question,0.6823055,question,Yes,14:02.7
4dbcd9a6-92a6-417b-b1de-c0647c9d8857,How do I sync my data across devices?,"I just installed the app on another device, but it doesn't seem to sync my data. Any suggestions?",question,0.7283662,question,Yes,15:33.4
1bdb8460-5755-49ff-b8c1-e8dfcc548b59,Can I change the app's theme?,I'm wondering if there's an option to change the color theme of the app. Can someone clarify?,question,0.6752984,question,Yes,17:10.0
89a3251a-2b2e-4331-9a63-20c107b68b0b,Why does my app keep crashing after every update?,"After the latest update, the app keeps crashing when I try to open it. Has anyone else had this issue?",question,0.7119365,question,Yes,18:41.6
d54e1c5b-2383-4327-b69b-c207a27859f0,Why can't I save my changes in the settings?,"I keep trying to save changes in my settings, but nothing is saved. What could be the issue?",question,0.6495489,question,Yes,20:02.4
11fa8d7e-8979-47de-b67a-c8406b8ff03f,Why is the app so slow on my phone?,"The app works fine on my friend's phone, but it is super slow on mine. Is there any way to speed it up?",question,0.6691042,question,Yes,21:33.0
a2b70b5f-5b6a-4067-a479-efaf8b4a1b07,How do I enable two-factor authentication?,Is there an option to enable two-factor authentication for better security?,question,0.7136349,question,Yes,23:04.5
f52db83e-68a0-45fc-bd76-345c20965b5d,Why doesn't my app sync properly with Google Drive?,"I tried syncing my files with Google Drive, but the app keeps showing an error. Can someone help fix this?",question,0.6951241,question,Yes,24:56.0
b460e5b4-4954-46ae-94c1-03a3e1a5a803,How do I restore my previous data after reinstalling the app?,I had to uninstall the app and now I can't find an option to restore my old data. Is there a way?,question,0.7029111,question,Yes,26:22.4
b736e2a3-8575-420d-9fdd-6f8258b8c35c,Why is the app not updating properly?,"I tried updating the app, but it keeps failing with an ""Update Error"" message. Anyone know what this could be?",question,0.7129532,question,Yes,28:04.1
78bbcb9d-9ad0-4729-b313-bcd6d8ec51fd,Can I enable dark mode in the app?,Is there a dark mode option in the settings? I can't seem to find it anywhere.,question,0.6898762,question,Yes,29:18.6
c8205d3f-f928-4a6a-9fcf-57b8d51f717d,Why is my app not showing the correct notifications?,I'm not receiving important notifications. Is there a setting that disables them?,question,0.654142,question,Yes,30:40.3
55fd3fa9-b12e-42e1-8039-f06ae8db8c62,Can the app support multiple accounts?,I want to be able to use multiple accounts within the same app. Does the app support this?,question,0.7362582,question,Yes,32:02.4
e87613d9-17d7-4c6e-bf68-1be92653f497,How do I update my payment information?,"I need to change my payment method, but I can't find where to do it. Can someone guide me?",question,0.7210423,question,Yes,01:12.5
f9737ec0-d897-4e99-9097-1066e26b3999,"Why am I getting a ""connection error"" message?","Every time I try to log in, I get a ""connection error"" message. Is this a known issue?",question,0.6729037,question,Yes,02:45.3
34b6c3b4-b0fc-4f27-b3d3-dbc2b507c9f7,Can I change the language in the app?,Is there an option to switch the language in the app settings?,question,0.6537622,question,Yes,04:11.0
f4bc0de1-3a5d-462a-b57f-b02b3e9c3176,Why does my account keep getting locked?,I keep getting my account locked out after trying to log in. Is there a reason for this?,question,0.6712455,question,Yes,05:23.8
1c392de3-c13f-47d1-90b8-3837c672e115,How do I unsubscribe from notifications?,I receive too many notifications from the app. Can someone tell me how to turn them off?,question,0.6324054,question,Yes,06:56.7
1c7b1a63-8a55-475d-bd96-d83ed0d6b385,Can I change my username in the app?,"I'm looking to change my username, but I can't find an option to do it. Is this possible?",question,0.6851421,question,Yes,08:18.5
7d9a1e87-fdef-47c4-a531-ef4a37bc01d9,Why am I not receiving verification emails?,I haven't received a verification email after signing up. Can someone help me with this?,question,0.7103948,question,Yes,09:41.2
5acb6f61-02f7-4e10-b74c-44e4d81f5d6e,How can I contact customer support?,Is there a direct way to contact customer support from within the app?,question,0.6543056,question,Yes,11:00.4
8c7bdb01-1590-4139-b251-8a47cd75e2c7,How do I recover a deleted file?,I accidentally deleted an important file. Is there any way to recover it?,question,0.678234,question,Yes,12:12.0
bfd1b34c-df72-4c5f-babb-dae678d7e4f5,Why isn't my app syncing with the cloud?,My app is not syncing data with the cloud. Can anyone suggest a solution?,question,0.721789,question,Yes,13:34.7
9f2ff989-4196-49f9-b1bb-3fae6b9a1ad0,Can I share my progress with others?,Is there an option to share my app progress with friends or on social media?,question,0.6883022,question,Yes,15:05.3
73f0fd50-cf56-4675-9a35-f7c2f76e7d9f,Why does the app keep crashing during updates?,I’ve been experiencing app crashes every time I try to update. Has anyone faced this?,question,0.6762805,question,Yes,16:28.9
f54bc7fe-8ee4-49b2-a7f4-e1c4c51d8ca8,How can I change my notification preferences?,I'm receiving notifications I don't want. How can I customize these settings?,question,0.707193,question,Yes,17:45.1
e2819b31-26b4-45bb-a6c6-597e1a60b1b7,Why is my app data not saving?,I filled out a form in the app but it doesn't save any data. Is this a bug?,question,0.6549831,question,Yes,19:01.6
dce8e788-bb88-42d7-bfa7-62b6fd72f30b,Can I revert to a previous version of the app?,"After the latest update, the app isn't working as expected. Can I go back to the old version?",question,0.6941674,question,Yes,20:12.9
65d23355-b8d4-4b94-bd0d-0d123d75ed1f,How do I enable push notifications for updates?,"I want to receive notifications for important updates, but I can't figure out how to enable them.",question,0.6698142,question,Yes,21:34.3
17bba5f4-8d30-469f-87d5-1306e232ed9a,Can I remove items from my saved list?,I accidentally added some items to my saved list. How can I remove them?,question,0.6824518,question,Yes,23:04.5
7d9706b5-8cb5-409f-bb26-9f7a0636d643,Why is the app not showing my latest data?,My latest data isn't showing up on the dashboard. Is there a reason for this?,question,0.7032212,question,Yes,24:17.2
58b54459-2a37-4acb-b340-b3fc238c9970,How do I reset my preferences?,I made some changes in my preferences but want to reset them to default. Can I do that?,question,0.6234984,question,Yes,25:58.8
35a1b812-47b7-4b9e-9c19-390340c89f65,How can I update the app without losing my data?,I'm worried about losing my data during the update process. How can I safely update the app?,question,0.6981292,question,Yes,27:22.0
a1f57c91-b1b7-4c87-a49f-22bc281def4c,Bug: Unable to load user profile,The app crashes every time I try to open my profile. This seems to be a bug.,bug,0.7320041,bug,Yes,01:02.5
c7d1e53d-ff3d-4b68-b410-b7f4cba4cdb7,Error when submitting feedback,"Every time I submit feedback, I get an ""error occurred"" message. Can anyone help resolve this?",bug,0.7411256,bug,Yes,02:18.7
9fc1e629-68f5-4fc6-bb6d-3999e8e9d47c,Bug: Search results not loading,"When I search for items in the app, nothing appears. It seems like a bug in the search functionality.",bug,0.6901343,bug,Yes,03:45.0
8cd9c93e-3346-41f0-b6a4-73696ae988f6,Error message displayed after login,"After logging in, an error message pops up and the app freezes. Any fix for this issue?",bug,0.7284649,bug,Yes,05:10.3
4b78ab49-cc5f-4c92-8767-1bbec77adfe9,Bug: App freezes when accessing settings,The app keeps freezing when I try to access the settings page. This seems to be a bug.,bug,0.7180622,bug,Yes,06:30.8
3e62f6a1-ea64-4291-a194-e88f86b07226,Error: Cannot upload photos to gallery,"Every time I try to upload a photo to the gallery, an error message appears.",bug,0.7032845,bug,Yes,08:01.4
2a5bde72-7e8b-48c7-a402-b2169c3577d0,Bug: Notification not appearing,I stopped receiving notifications about new updates. Is there a bug with the notification system?,bug,0.7264351,bug,Yes,09:12.6
c15e7048-03da-442d-b282-b92c5e9b38b1,"Error: ""Page not found"" when accessing a link","I get a ""Page not found"" error when I try to access a specific page from the app.",bug,0.7402331,bug,Yes,10:40.2
1b91bb64-dc6c-474b-97da-500517f2876c,Bug: Missing icons in the dashboard,"Some icons are not appearing in the dashboard view, making it difficult to navigate.",bug,0.7194062,bug,Yes,12:04.9
27bc83b9-05c3-4ee5-b7c0-254c3c0e99c6,Error: Unable to access account settings,"After the update, I am unable to open the account settings page, encountering an error.",bug,0.7112064,bug,Yes,13:22.7
b9c7313b-24d5-4667-9c3b-0c4c9cc1b2d5,Add an option to update user profile picture,The app should allow users to update or change their profile picture directly in settings.,enhancement,0.7359401,enhancement,Yes,01:55.8
4c1b2f26-f8ea-4319-9f1f-e1bca84d423e,Update app to support multiple languages,"The app should be updated to support additional languages, such as French and Spanish.",enhancement,0.7451021,enhancement,Yes,03:12.1
42a2f6d9-b179-4b19-89d9-fae7cfe37084,Change the default theme to dark mode,An option to change the app's default theme to dark mode would improve user experience.,enhancement,0.6981625,enhancement,Yes,04:48.6
d88f1c62-b7a9-4e2e-88ea-2e51b6c13e87,Update to allow exporting data in CSV format,The app should be updated to allow data export in CSV format for easier data manipulation.,enhancement,0.7204935,enhancement,Yes,06:21.2
6346b6ca-d2c4-4d7c-bf99-986f84f8c9b5,Change the default notification sound,The app should allow users to change the notification sound to something custom.,enhancement,0.6938312,enhancement,Yes,08:02.9
a5fd52f3-bb31-4f2e-b946-3709f72c86e5,Update the app interface to be more user-friendly,The app interface should be updated to make it more user-friendly and intuitive.,enhancement,0.7392224,enhancement,Yes,09:45.3
c97d0746-67b2-43ed-9bc7-d5f035ca8c4e,Update app to allow saving multiple drafts,The app should allow users to save multiple drafts before final submission.,enhancement,0.7053667,enhancement,Yes,11:12.5
68e903f6-bb57-484b-8fd3-bff40928d2b3,Change font size for better readability,The app should include an option to change the font size for better readability.,enhancement,0.7256724,enhancement,Yes,13:28.4
fcb1ff62-bc57-4f66-8130-9f6daed26333,Update app to support offline mode,The app should be updated to support offline mode for users in areas with limited connectivity.,enhancement,0.7158392,enhancement,Yes,14:50.2
0b8821f9-fd62-4303-bf60-d07d0b1d548b,Change color scheme for improved contrast,The app should update its color scheme to provide better contrast for users with visual impairments.,enhancement,0.7011321,enhancement,Yes,16:13.9
4e5f702d-92a4-4526-a4e0-b8a1d82365d1,Bug: App crashes when opening settings,"Every time I try to open the settings page, the app crashes. It's a consistent bug.",bug,0.7312154,bug,Yes,01:04.1
213ed367-4709-400e-b2be-b8f7952c79d5,Error when uploading files,I encounter an error message when trying to upload files. The app just won't accept them.,bug,0.7248832,bug,Yes,02:23.6
9f0c3f3d-8ef4-4ca3-9d99-2f592d72b4c8,Bug: Payment fails even with valid card details,"When I try to complete a payment, it fails despite using valid card details.",bug,0.7119203,bug,Yes,03:45.8
f8b4b84d-bbe3-4ea4-b7ab-0ff80a1f998b,Error message during login,"After entering my credentials, I get an error message saying ""Login failed.""",bug,0.7183131,bug,Yes,05:12.0
49e6a6f3-13b4-4160-8c92-493c6d9a9702,Bug: In-app purchases not working,The in-app purchase feature is broken; every attempt results in an error message.,bug,0.7302425,bug,Yes,06:30.1
d45a1a44-8718-45cc-bc75-56a9066870a0,Error: App doesn't load new content,"I can't load new content in the app, it keeps showing an error message instead.",bug,0.7023191,bug,Yes,07:52.3
39b6e729-8335-4ad9-bd0b-124a34b49f99,Bug: Notifications not being delivered,Notifications have stopped coming through. This seems to be a bug in the notification system.,bug,0.7154224,bug,Yes,09:10.4
42d2abf7-fddf-490d-a1fd-bf238d6b9235,Error: Profile picture won't upload,"Every time I try to upload a new profile picture, I get an error message.",bug,0.7259887,bug,Yes,10:30.9
fbc918ba-66b3-455f-9605-b9e8b81f79c6,Bug: Text input not responsive,The text input field is not responding to my typing in certain forms. It's a bug.,bug,0.7091531,bug,Yes,11:54.0
67c49788-d69d-4ca8-9351-57d7f5f7acfa,Error when syncing data with cloud,"Syncing data with the cloud gives an error message saying ""Sync failed.""",bug,0.7174238,bug,Yes,13:05.5
572feab7-32f5-4cf7-8fa3-27f23de55d56,Update the app to allow multi-account support,The app should be updated to allow users to manage multiple accounts within the same app.,enhancement,0.7451346,enhancement,Yes,01:42.3
3fa1d537-cd0f-4785-b3ba-48510594b819,Change the layout for better navigation,The app layout should be changed to make navigation more intuitive and user-friendly.,enhancement,0.728673,enhancement,Yes,03:10.1
587273fd-593f-4a49-bdfe-587af2ff271b,Update app to improve battery performance,The app should be updated to optimize performance and improve battery usage.,enhancement,0.7320455,enhancement,Yes,04:25.7
b08d271f-b49e-49b9-b911-8e4b0fa7c57b,Change to allow sharing files directly in chat,The app should allow users to share files directly within chat messages for easier sharing.,enhancement,0.7457292,enhancement,Yes,05:38.2
58c9c36d-9f1d-4e33-b0d5-87bfc5392896,Update app to include dark mode,The app should include a dark mode feature for users who prefer a darker theme.,enhancement,0.7468013,enhancement,Yes,07:04.9
7d18b354-df72-47db-9b34-1ff91e78694f,Change user profile customization options,The app should change and allow more customization options for user profiles.,enhancement,0.7343024,enhancement,Yes,08:12.3
a22a3f98-56b2-42d1-b238-b0f71f18ff98,Update to allow voice input for search,The app should be updated to support voice input for easier searching within the app.,enhancement,0.7223699,enhancement,Yes,09:32.5
1b356632-28fd-4389-9bb3-50de759f58d4,Change the default notifications to more relevant ones,The default notifications should be changed to ensure users receive the most relevant alerts.,enhancement,0.7114348,enhancement,Yes,10:45.8
2cdb3447-cda2-4fc1-81f4-1c8a2bdfdff7,Update the app’s security features,The app should be updated to improve its security features to protect user data better.,enhancement,0.7237593,enhancement,Yes,12:12.7
c4987c91-438d-4a6a-a2c7-bf9d7d3b2146,Change loading speed to improve user experience,The app should change its loading speed to improve the overall user experience.,enhancement,0.7385194,enhancement,Yes,13:38.2
f1c4e1d0-7a3f-4ac2-b063-e5241c9cf5f6,How do I restore deleted files?,I deleted some important files by mistake. How can I restore them in the app?,question,0.7225571,question,Yes,01:15.2
2b0e9e47-2569-4c92-b5ea-e857745a72fa,How can I change my password?,I forgot my password. How can I change it to regain access to my account?,question,0.7336597,question,Yes,02:38.9
7f3f3d26-48a3-47b4-94f3-b2a710c6e52e,How do I enable two-factor authentication?,I want to enable two-factor authentication for added security. How do I do that?,question,0.7230875,question,Yes,04:01.3
b278b2b7-45fe-4e7a-91a0-6e72fda4d5a9,How do I update my email address?,I need to update my email address in the app. Where can I do that?,question,0.7010249,question,Yes,05:25.0
7e22ef2c-30ea-4c71-91de-0d1e7da45352,How can I remove an item from my shopping cart?,I added something to my shopping cart by mistake. How can I remove it?,question,0.7110425,question,Yes,02:25.0
41f0a8a2-b54a-4671-a41a-bafed79adf78,Bug: Login page not responsive,The login page doesn't load or respond on some devices.,bug,0.7342349,bug,Yes,02:10.3
5a7e8ad5-e1ba-4068-8857-4df559f6a03d,Error while syncing with Google Drive,Syncing data with Google Drive is throwing an error and not updating.,bug,0.7219083,bug,Yes,03:25.7
9a5b5e68-2209-49b1-bb5c-e4c3e7b35ae0,Bug: Notifications not clearing after read,"After reading the notifications, they still appear as unread.",bug,0.7186297,bug,Yes,04:44.5
7682fc2d-fabc-49a2-88a4-df7f8cfb69a2,Error on app launch with white screen,"When launching the app, it only shows a white screen and does not proceed further.",bug,0.712551,bug,Yes,05:51.2
c51b5fe1-e9ff-4bfa-b495-8d2c0e82751e,Bug: Audio not working on media player,Audio playback in the media player stops working after a few seconds.,bug,0.7254028,bug,Yes,07:13.4
1c7937c0-f3b6-4419-b278-c3ffdc7f1ac0,Error message during password reset,"Every time I try to reset my password, I get an error saying the email is invalid.",bug,0.7013235,bug,Yes,08:30.0
b4050a53-d3b9-4694-b27f-d82cf55192ae,Bug: Slow performance when scrolling,Scrolling through lists or pages causes the app to slow down significantly.,bug,0.7119549,bug,Yes,09:49.1
82dfba79-fda6-4ee6-9a82-fdc73f38830a,"Error when clicking on ""Add to Cart""","Clicking the ""Add to Cart"" button results in an error and does not add the item.",bug,0.7084328,bug,Yes,11:02.7
d3015cb6-f274-45cc-b876-d8d9b4e8db4a,Update app to include biometric login,The app should be updated to allow users to log in using biometric authentication (face or fingerprint).,enhancement,0.7258324,enhancement,Yes,01:25.3
a3456c22-015f-465f-a8c1-21e5c62bb61f,Change color scheme for better visual appeal,The app should change its color scheme to enhance visual appeal and improve user experience.,enhancement,0.7212435,enhancement,Yes,02:40.6
267f5f22-6077-4df3-bc2d-c4cb801d6e29,Update app to allow password managers,The app should be updated to work with password managers to enhance security.,enhancement,0.7117651,enhancement,Yes,04:03.1
5f44bdb7-d78d-4f49-bd13-e28e1e61f01e,Change layout to improve accessibility,"The app layout should be changed to improve accessibility, particularly for visually impaired users.",enhancement,0.705283,enhancement,Yes,05:25.8
89b47456-b36a-4275-b7bb-bad6d29e4024,Update app to provide real-time data,The app should be updated to provide real-time data updates for users who need instant access.,enhancement,0.7165034,enhancement,Yes,06:45.7
c715ff61-2fd6-4b83-9038-e319c8d957e4,Change image compression for faster load times,The app should change its image compression method to improve load times and performance.,enhancement,0.7192705,enhancement,Yes,08:10.2
52a9ad99-cc18-4d3f-9e53-c0ddefac30d9,How do I update my payment information?,I need to update my payment details in the app. How do I do that?,question,0.7244023,question,Yes,02:15.6
8fd57188-e62e-42ad-a70e-9d48ebce6eaf,How can I enable dark mode in the app?,I prefer using dark mode. Can you help me enable it in the app?,question,0.7111856,question,Yes,03:29.0
931f6b2a-d51f-46f4-bcb1-013d52430a6f,How do I add a payment method?,I want to add a new payment method to my account. Where can I do that?,question,0.7189733,question,Yes,04:50.1
2b890b9f-b381-4237-bf2a-d9c62d6f37c0,How can I reset my password if I forgot it?,I forgot my password. Can you guide me through resetting it?,question,0.7268357,question,Yes,06:10.5
1a9b8e7f-893b-4c77-98b4-91fcf774bc32,How do I update my email address in the app?,"I need to update my email address in the app, but I’m not sure how to do it.",question,0.7542,question,Yes,02:15.3
6b9c1c6d-156a-487f-b44f-c23333b87e94,What should I do if my account is locked?,My account got locked after too many failed login attempts. How can I unlock it?,question,0.7621,question,Yes,03:10.1
7e8f9b72-d0ff-49d5-bb1b-2be4c8289451,How can I enable two-factor authentication for extra security?,I want to increase my account security by enabling two-factor authentication. How can I do that?,question,0.7493,question,Yes,04:27.0
65e6e7a7-d013-48f2-8d3f-b46573dbd5db,Where can I change my notification settings?,I want to adjust the notification settings in the app. Where do I do that?,question,0.7661,question,Yes,05:38.4
321f3a89-91b8-4f79-9b5e-cba34e53da65,How can I cancel my subscription?,I no longer need the premium features. How do I cancel my subscription?,question,0.7528,question,Yes,06:12.9
1938bb90-3cb1-4427-9f02-6f81ef5ecdf0,What do I do if I forgot my password?,I forgot my password and can’t log in. Can you help me reset it?,question,0.7325,question,Yes,07:01.6
9d3d15b3-f30b-4bb1-b80d-bcc6a0ae6ca9,How do I delete my account permanently?,I want to delete my account permanently. How can I do that?,question,0.7453,question,Yes,08:22.3
4f01b1a5-7179-4025-9f29-8e8b689c6a74,How can I change my payment method?,I want to update my payment method in the app. How can I change it?,question,0.7389,question,Yes,09:11.1
44a9fdd7-ea3b-4729-b27a-f5cd87c505ac,Is it possible to recover deleted messages?,I accidentally deleted my messages. Is there a way to recover them?,question,0.7236,question,Yes,10:33.8
5682b91f-81a7-463d-9352-bfc763a83f7b,How do I merge multiple accounts into one?,I have multiple accounts with the same service. Can I merge them into one account?,question,0.7391,question,Yes,11:45.2
1c0216b4-f6f1-4298-99c3-58ac84f96c8c,How do I link my app to my social media accounts?,I want to link my social media accounts to the app. How can I do that?,question,0.7484,question,Yes,12:58.9
7299cf8d-f44b-4755-bf75-58f7750737a2,Can I use the app on multiple devices at once?,I want to access the app on multiple devices. Is that possible?,question,0.7513,question,Yes,13:20.1
fbe2de09-3974-41ac-84ae-0dcaeeb8d58c,How do I disable location tracking in the app?,I want to turn off location tracking in the app. How do I do that?,question,0.7449,question,Yes,14:43.8
1df8f39a-11b7-400b-87b2-5478d70b7d59,Where can I view my order history?,I want to check my order history. How can I view it in the app?,question,0.7554,question,Yes,15:12.5
99a599db-c5b9-4209-9d99-9531b603b1cf,How can I report an issue with the app?,I encountered an issue with the app. How do I report it to the support team?,question,0.7628,question,Yes,16:22.4
41d233b8-d9f1-4f24-b03c-c9f032bfb2f9,How do I change the language settings in the app?,I need to change the language in the app. How can I do that?,question,0.736,question,Yes,17:18.9
1b3a295b-9a5e-4a36-97c6-1bc245ec5661,How do I update my profile picture in the app?,How do I update my profile picture? I want to change it to a new one.,question,0.7482,question,Yes,18:01.7
27b4d2d5-d206-4c60-a2b0-7767c9a1d0f7,How can I view my subscription details?,I want to check the details of my subscription. Where can I find that information in the app?,question,0.7348,question,Yes,19:15.2
5e35cf25-1c89-4fa7-8ebf-28dca23b6e0d,How do I enable or disable push notifications?,How can I enable or disable push notifications for the app?,question,0.7469,question,Yes,20:12.4
1c22b9b5-1309-47a3-b40a-8b68c4f56a29,Can I change the default currency for payments?,How do I change the default currency for payments in the app?,question,0.7535,question,Yes,21:08.3
f7794a8b-fb91-4a0d-87a5-0c8b7ac115a3,How can I transfer my data to a new device?,I got a new device. How do I transfer all my app data to the new one?,question,0.7369,question,Yes,22:10.7
c663440e-59cc-42ca-bad7-d869d119d3b7,How do I delete a contact from my list?,I want to remove a contact from my list. How can I do that in the app?,question,0.7425,question,Yes,23:20.2
312db5ac-4f9e-4298-9a1e-dfcacc60efab,Where can I find the app's privacy policy?,I want to review the app’s privacy policy. Where can I find it?,question,0.7406,question,Yes,24:34.9
2532a5a2-f5c3-4c99-bf70-4a8040d60c18,How can I enable dark mode in the app?,I prefer dark mode. How do I enable it in the app?,question,0.7491,question,Yes,25:02.8
88c3d00e-5c47-474f-bc56-d8f11c15fd88,What do I do if the app is running slow?,The app has been running very slowly lately. What can I do to fix it?,question,0.7522,question,Yes,26:17.5
692a5de5-8b92-4692-9e3f-c9c58b9a1b92,How do I check if my account is active?,I want to confirm if my account is still active. How can I check that?,question,0.7364,question,Yes,27:21.6
36f5e089-4325-4841-bfc9-f623b7ab65f2,Can I change my username in the app?,I would like to change my username. Is there an option to do that?,question,0.7439,question,Yes,28:29.8
1f92d118-15d5-462b-8a93-56c4623ff4b9,How do I recover my account if I lost access?,I lost access to my account. How can I recover it?,question,0.7498,question,Yes,29:45.3
3f7f84e3-2e6c-465e-b5da-98d8c3c9b839,How can I recover my account if I lost access?,I lost access to my account. How can I recover it?,question,0.742,question,Yes,30:05.1
7d9f9b2a-02ca-4708-9e58-c7e1a6c98a85,How do I report a bug in the app?,I encountered a bug while using the app. How do I report it?,question,0.7491,question,Yes,31:22.3
b3f7752e-7f07-4e69-bff2-9b4faaf9fca2,How can I change my app password?,I need to change my password for the app. How can I do it?,question,0.7467,question,Yes,32:41.7
8950ff0d-3d5b-4018-9301-437b0d267097,How do I disable email notifications?,I no longer want to receive email notifications. How do I disable them?,question,0.7506,question,Yes,33:00.5
2a438fa1-5b24-4663-a776-0f27b350ad36,Can I use my account on multiple devices?,Can I log in and use my account on more than one device simultaneously?,question,0.7384,question,Yes,34:12.1
6e2a53a9-ff2f-4063-b2bb-24f2a9fcb4e7,How do I update my shipping address?,I recently moved and need to update my shipping address. How can I do that in the app?,question,0.7452,question,Yes,35:19.6
58f55d2a-d43d-4621-b6b2-259e9a4e3071,How do I switch to a different plan?,I want to change to a different subscription plan. How can I do that?,question,0.7329,question,Yes,36:26.4
4c906c9a-37c9-47a1-9b0f-4f2199d0a4fd,How do I activate my account?,I created a new account but it’s not activated yet. What steps do I need to take to activate it?,question,0.744,question,Yes,37:05.3
b36521d1-9f9c-4264-bf2d-8f9864cc846b,How can I delete my payment information?,I no longer want to keep my payment information saved in the app. How do I delete it?,question,0.7398,question,Yes,38:12.2
1a8285ea-6b65-4ae9-a6f9-d1b989cf79a0,Where can I find my referral code?,How do I find my referral code in the app to share with my friends?,question,0.7416,question,Yes,39:33.0
9d024a21-93fc-457f-b7b1-99a55b1d5a5b,How do I sign out of my account?,I want to log out of my account. How can I do that in the app?,question,0.7464,question,Yes,40:42.7
3f45f4db-bf79-4e5b-99b5-fafbf502cc3e,How do I cancel a pending transaction?,I made a mistake and want to cancel a transaction. How can I do that?,question,0.751,question,Yes,41:51.3
6a6356d9-26ad-4b6d-a3f2-c1c92d06b700,How can I change the default language?,I want the app in a different language. How do I change the default language?,question,0.7399,question,Yes,42:02.8
a324689d-d43d-4767-8048-c5d9f68d0e2e,How do I reset my notifications preferences?,How do I reset my notification preferences to default settings?,question,0.7468,question,Yes,43:10.9
bfa264c2-1b32-4962-b5f1-b86d3cf0b80b,How can I recover a deleted file from the app?,I deleted an important file by mistake. Can I recover it?,question,0.74,question,Yes,44:21.4
25a1c83c-29a7-4a8d-99b6-9f5d0fa16e39,How do I change my account password?,I need to change my password for security reasons. How can I do that?,question,0.749,question,Yes,45:38.6
62bb9a33-e33f-45c2-86ba-cb8b84f8e3d2,Can I upgrade my subscription plan later?,I’m considering upgrading my plan later. Will I be able to do so without losing any data?,question,0.7527,question,Yes,46:17.9
7b2262e3-9cfe-4d73-b0b8-82e1280d728b,How do I link my Google account to the app?,How can I link my Google account to the app to use it for login?,question,0.7514,question,Yes,47:24.8
a712d171-21a5-46f0-8e53-63b321fa375d,Where can I find the app’s terms and conditions?,Where can I access the terms and conditions for this app?,question,0.7341,question,Yes,48:35.0
c35fe9a6-4b6d-4f8e-bf4e-220ac9150c07,How can I change my username in the app?,I want to change my username in the app. Is there an option to do so?,question,0.7417,question,Yes,49:04.6
13db7bb6-68de-4e13-b98c-c587b3794da5,How do I enable dark mode in the app?,I prefer dark mode. How do I enable it in the app?,question,0.7373,question,Yes,50:15.1
71f4c5c7-8e8c-45e9-82e4-e5b9d12b33b7,How do I change my profile name?,I want to update my profile name in the app. How do I do that?,question,0.7481,question,Yes,51:36.2
43cb8791-c23f-402d-8d9c-55a3d8f3a29a,Can I update my billing address in the app?,How do I update my billing address in the app for my subscription?,question,0.7469,question,Yes,52:57.3
c0e4a9fa-d16f-4f8f-9248-1163c8a59b45,How can I switch to a different payment method?,How do I switch my payment method in the app?,question,0.7516,question,Yes,54:09.6
f6a2e670-492d-4b55-b7fe-d327c908fe8f,How can I enable email notifications?,How do I enable email notifications for updates?,question,0.7471,question,Yes,55:10.1
9f0cc5a9-b16b-44fc-a3ff-3d9e7cfec78c,How do I delete a saved payment method?,I want to remove my saved payment method from the app. How can I do that?,question,0.7387,question,Yes,56:13.5
674a6ac7-7c7f-4c48-bf8a-4a34c9b18968,How can I change my email address in the app?,I need to update the email address linked to my account. How do I do that?,question,0.7523,question,Yes,57:28.9
0ab8e5f3-4cd2-42d1-b037-58c698d2313f,How do I verify my account?,I need to verify my account for extra security. How do I do that?,question,0.7435,question,Yes,58:42.4
22e56f23-fb90-46da-b0a3-9e9acb7b3646,Can I change the notification frequency in the app?,How do I change the notification frequency for updates and messages?,question,0.7479,question,Yes,59:50.0
60a2b1f2-d4eb-4ed7-9c9d-9864c3774ad6,How can I update my profile picture?,I want to update my profile picture in the app. How can I do it?,question,0.7482,question,Yes,00:05.1
b3480569-798f-416d-b035-b5505878f0f7,How can I reset my app preferences?,I want to reset the app preferences to default settings. How do I do that?,question,0.741,question,Yes,01:12.4
a1d5c07b-9f3f-4e3e-b22a-c0717b827f5b,How do I remove an item from my cart?,I added something to my cart by mistake. How can I remove it?,question,0.7359,question,Yes,02:25.7
63f3458b-7e4f-42a7-915d-1f377489c779,How do I contact support for help?,I’m having an issue with the app. How do I get in touch with support?,question,0.7426,question,Yes,03:40.8
48c8d8bb-17fc-4c9e-9982-3c6ccf45fa34,How do I cancel my subscription?,I want to cancel my subscription to the app. Can you guide me through it?,question,0.7443,question,Yes,04:48.0
4d90f1c7-0f3b-4f2f-b21b-88e6abfd289d,How can I view my past transactions?,I need to check my past transactions in the app. How can I find them?,question,0.7411,question,Yes,05:58.9
9f283b3c-29bc-45f2-b325-bb1286792d8a,Can I delete my account permanently?,I want to delete my account from the app permanently. How do I do that?,question,0.7464,question,Yes,07:10.3
23b9f80d-b92c-4a0d-89b6-65c5e38a91b0,How do I update the app to the latest version?,I want to ensure my app is up to date. How do I update it to the latest version?,question,0.7448,question,Yes,08:12.7
5a3a548d-3949-4e91-b5c1-8e7c6e38da8e,How do I enable 2FA for added security?,How can I enable two-factor authentication for my account for better security?,question,0.7436,question,Yes,09:28.4
e3fd9d55-6438-4930-9159-75c35f37e8e9,How can I retrieve my transaction history?,I need to check my transaction history. How do I retrieve that information?,question,0.7402,question,Yes,10:42.3
f282db5c-3347-46b3-8182-2b22e302ab62,How do I check if my account is verified?,I want to confirm if my account is verified. How can I check that?,question,0.7381,question,Yes,11:55.6
c2adf970-c7ab-4c5d-bff0-88dbb8cb10b9,How do I enable push notifications for updates?,I want to receive notifications about new updates. How do I enable push notifications?,question,0.742,question,Yes,13:06.2
8d72ab8f-fca9-4419-bbe5-167a1a87ac09,How can I change my email address linked to the app?,I need to update the email address linked to my account. How do I change it?,question,0.7458,question,Yes,14:19.0
aee0172f-bf2b-4f58-bb9f-fca1b8c9f48e,How do I update my payment details?,How can I update my payment information in the app?,question,0.7443,question,Yes,15:32.9
922fbd27-3f79-4843-954d-f7b2d2fe56c3,How do I restore my deleted files from the app?,I accidentally deleted a file from the app. Is there a way to restore it?,question,0.7425,question,Yes,16:45.2
171d2853-4b74-4744-96db-49cd1bada61c,Can I use the app without an internet connection?,I want to use the app offline. Is it possible to access certain features without internet?,question,0.7409,question,Yes,17:59.5
f1697223-b05f-43a6-912b-4bc24f034b35,How do I retrieve a lost password?,I forgot my password. What steps can I follow to retrieve it?,question,0.7462,question,Yes,19:11.0
f3730721-86a9-42d1-a722-4028e4d9d004,How do I delete an order from my purchase history?,I made an order by mistake. How can I remove it from my purchase history?,question,0.7418,question,Yes,20:23.6
1bc79e57-2d5a-4292-a6d3-b75de6eeb79a,How do I enable automatic renewal of my subscription?,I want my subscription to renew automatically. How can I enable that feature?,question,0.7433,question,Yes,21:37.2
a344b437-9821-4d29-b4ea-3835d88e9e6d,How do I unsubscribe from email newsletters?,I no longer want to receive email newsletters. How do I unsubscribe?,question,0.7465,question,Yes,22:50.9
3d2d10f7-8244-4c2a-b08e-768d7a538f90,How can I change my payment method for subscriptions?,I want to change my payment method for subscriptions in the app. How can I do that?,question,0.7415,question,Yes,00:05.0
63e1244f-df5e-4700-8684-baff56c506b4,How do I activate my new account?,I’ve just registered. How do I activate my new account to start using the app?,question,0.7432,question,Yes,01:18.3
58a99c18-5d4b-44da-b015-fcb5f08a8471,How do I unsubscribe from premium notifications?,I no longer want to receive premium notifications. How can I unsubscribe from them?,question,0.7458,question,Yes,02:34.7
8138390a-8593-4330-a2ad-e9b7f986e62d,Can I change my username on the app?,Is there an option to change my username on the app after I’ve created my account?,question,0.7401,question,Yes,03:40.1
99fa42cc-f773-45d2-a5a7-e6c9de4e18b7,How do I clear my app’s cache?,I’m experiencing slow app performance. How do I clear the app’s cache?,question,0.7374,question,Yes,04:56.5
746d8d96-29b6-467a-bbc1-d5c0ec481d4a,How do I restore deleted items from my account?,I accidentally deleted some items in the app. Can I restore them?,question,0.7449,question,Yes,06:02.7
d21a12c7-49b7-4689-9b4a-4871b7be3cd1,How do I change my region settings?,I moved to a new country and need to update my region settings. How can I do that?,question,0.7422,question,Yes,07:14.3
179ed3b1-e64c-4ff9-9c8a-3bb1a35a69c0,How do I verify my email address?,How can I verify my email address in the app after signing up?,question,0.7463,question,Yes,08:28.6
2d745b7e-2c7e-45bc-bb0c-081cc7f4fdc3,How can I delete my search history?,I’d like to delete my search history in the app. How can I do that?,question,0.7396,question,Yes,09:33.4
87ff253f-383b-464b-89cd-b406b8a5d1b5,How do I enable dark mode in the app?,I prefer using dark mode. How can I enable dark mode in the app?,question,0.7489,question,Yes,10:49.2
6fe4e6a4-fb66-43c7-8981-0f062dbd5011,How can I reset my security questions?,I want to reset my security questions for account recovery. How can I do that?,question,0.743,question,Yes,11:56.3
0d9ea9d3-bcfd-4d71-9c32-953b8b7b49b5,How do I delete a saved address?,I want to remove a saved address from my account. How do I delete it?,question,0.7424,question,Yes,13:02.9
426fe02f-9604-40b7-b43f-65d17814e74f,How can I disable two-factor authentication?,I want to turn off two-factor authentication for my account. How do I disable it?,question,0.7451,question,Yes,14:15.4
65f978db-d49b-4167-8577-84525419f699,How do I check the app’s version number?,How can I check which version of the app I am using?,question,0.7445,question,Yes,15:28.8
b717f7bb-fd10-465b-a6ab-4f50e576465a,How do I change my notification preferences?,I want to change my notification preferences. How can I do that?,question,0.7393,question,Yes,16:41.7
dbf2d87e-cf8e-400d-9066-d274b4627b69,How can I update my contact information?,I want to update my contact details like phone number and address. How can I do that in the app?,question,0.7413,question,Yes,17:58.2
681bb91c-6828-4322-a1bb-23ee5c2a1dbf,How can I link my social media accounts?,How do I link my Facebook or Instagram account to the app for easy login?,question,0.7468,question,Yes,19:13.9
4abdd1d4-bf80-4cc0-8a3e-34a246618684,How do I turn off automatic updates?,I want to disable automatic updates for the app. How do I turn this feature off?,question,0.7407,question,Yes,20:25.3
2e7f1b4f-d197-4519-9f1f-544e74ed4778,How do I check my referral rewards?,How can I view the rewards I’ve earned from referring others to the app?,question,0.7398,question,Yes,21:41.8
15e6c125-7b71-4426-b953-b321e48ae5be,How do I view my billing history?,I want to view my billing history for the app. How do I access it?,question,0.7421,question,Yes,22:52.4
2d134a82-fab9-4d8b-9f4b-3f1013c99a35,How do I link my bank account to the app?,I want to link my bank account to the app for payments. How can I do that?,question,0.7424,question,Yes,00:03.2
48d34842-1e68-459d-8bc5-1c1db79c3c88,How do I reset my device settings?,I accidentally changed some settings on my device. How can I reset them to default?,question,0.7401,question,Yes,01:10.7
b5a5d381-b44b-42ca-8c93-274682be9d90,How do I delete my account on the app?,I want to permanently delete my account from the app. How do I go about doing that?,question,0.7432,question,Yes,02:20.4
f2155de3-1e2c-4f6a-bcf5-0925ffbb2996,How can I update my profile information?,I need to change my profile information. How can I update it in the app?,question,0.745,question,Yes,03:35.0
1781fe88-2209-4e62-a420-7249c0834571,How do I delete a saved payment method?,I no longer want to use a specific payment method. How can I delete it from my saved methods?,question,0.7414,question,Yes,04:42.8
69fe28c7-8a43-4f8d-b4fb-dbf9ea7c9fe0,How can I change the language settings?,I want to change the app’s language. How can I switch to another language in the app?,question,0.7435,question,Yes,05:57.2
7a0b9fa5-f18c-4de5-9b00-7954b18b7fc0,How do I disable auto-renewal for my subscription?,I don’t want my subscription to auto-renew. How can I disable this feature?,question,0.744,question,Yes,07:03.1
4bcde72c-13a7-47b2-b88b-90bc5a9ccf0f,How do I view my subscription details?,I want to check the details of my current subscription. How do I access this information?,question,0.7403,question,Yes,08:15.4
e99cfeff-99cb-421b-808b-c0a541287f8a,How do I change the app theme?,I prefer using a dark theme. How do I switch the app to dark mode?,question,0.7455,question,Yes,09:29.2
75d46832-234f-450f-bc02-d631ed705aeb,How do I cancel a pending transaction?,I made a transaction by mistake. How can I cancel a pending payment?,question,0.7422,question,Yes,10:47.8
93cd82f4-bd36-4f5e-82f1-60a68f6dfd70,How can I change my notification preferences?,I want to stop receiving certain notifications. How can I change the notification settings?,question,0.7417,question,Yes,11:56.4
23df7229-84e4-4bb4-b73c-7f6c869c90d0,How do I change the payment currency?,I want to change the payment currency for my subscription. How do I set this option?,question,0.7423,question,Yes,13:02.1
c81f6cb6-9b8f-42bc-bfb7-bc674e2f9c6b,How can I verify my phone number?,I want to verify my phone number linked to the app. How do I complete this verification?,question,0.7452,question,Yes,14:19.0
33d95b74-18f8-4325-a7b7-1b8e93229b58,How do I add a new address to my account?,I just moved and need to update my shipping address. How can I add a new address to my account?,question,0.7405,question,Yes,15:34.9
d45f6e18-5189-4a83-b44a-828249b88b1b,How do I reset my password from the login screen?,I’m unable to log in. How do I reset my password directly from the login screen?,question,0.7448,question,Yes,16:48.2
6cb7d8d3-b7a6-4ecb-bd1e-bb8a3a2b5313,How do I turn off location tracking in the app?,I don’t want the app to track my location. How can I disable location tracking in the settings?,question,0.7437,question,Yes,18:02.5
0d1bcbd3-4ff3-4a28-aeef-2c8e4f9e8b8d,How do I enable email notifications for new messages?,I’d like to get notified by email when I receive new messages in the app. How can I enable this?,question,0.7412,question,Yes,19:13.7
5d07d385-bb38-4699-b207-42eae91f6d09,How do I view my app usage statistics?,I want to track my usage in the app. How do I view my app usage statistics?,question,0.7454,question,Yes,20:26.3
8edb8725-bbfe-4b45-b71a-bec1d95e392f,How do I manage multiple devices connected to my account?,I have multiple devices connected to my account. How can I manage or unlink some of them?,question,0.742,question,Yes,21:40.0
9c40d5a9-c05b-4622-b198-b3f0a91de537,How do I share my app data with customer support?,I’m facing issues with my account. How do I share my app data with customer support for assistance?,question,0.7459,question,Yes,22:55.2
39edfa29-9a57-4a5d-bf99-702ad370f810,How do I enable push notifications for the app?,I want to receive push notifications for updates. How can I enable them in the app?,question,0.7419,question,Yes,00:01.4
91ed5d4f-d9b5-4e63-b5f6-8fc5c9d6c7c5,How do I track my order status?,I’ve placed an order. How can I track the status of my order through the app?,question,0.7428,question,Yes,01:18.7
2de3b072-8a29-4929-a17b-fb25c1a96f1b,How can I recover my account if it's locked?,My account is locked due to too many failed login attempts. How can I recover it?,question,0.7434,question,Yes,02:25.3
859fc6c9-b6b2-4857-99c6-6a0454fa22cd,How do I switch accounts on the app?,I have multiple accounts. How can I switch between them in the app?,question,0.7456,question,Yes,03:42.0
9c82c28f-66f3-4b36-80b5-b0b03b625542,How do I delete my saved credit card information?,I want to remove my saved credit card details from the app. How do I delete them?,question,0.7411,question,Yes,04:56.7
35fa4df9-b7ea-4d62-b5ad-c62c74c570f1,How do I change the notification sound in the app?,I don’t like the default notification sound. How can I change it to something else?,question,0.7425,question,Yes,06:05.2
6c61c4d3-8b9a-406d-835e-e7b087c1f8ca,How can I deactivate my account temporarily?,I need to deactivate my account for a while. How can I do that without permanently deleting it?,question,0.7406,question,Yes,07:12.5
88bdb5a7-3b46-4248-a0b4-9785f2d9f8fd,How can I change the app’s privacy settings?,I want to adjust the privacy settings for my account. How do I change them in the app?,question,0.7439,question,Yes,08:24.3
61b9f748-4fa2-4d76-b9c9-b990bdb8762b,How do I reset my app preferences?,I accidentally changed my app preferences. How can I reset them to the default settings?,question,0.7422,question,Yes,09:38.4
4c89c8e1-c95f-4d9f-b71f-b3f7bfaee23b,How do I transfer my subscription to another account?,I would like to transfer my subscription from one account to another. How can I do this?,question,0.7441,question,Yes,10:47.7
26d1c9a7-bda3-4172-bca2-2490f577cd38,How do I add a new payment method?,I need to add a new payment method for my subscription. How do I update my payment details?,question,0.7433,question,Yes,11:53.8
29e53658-930a-4699-b0e3-1b51002e9e74,How do I enable face ID for login?,I want to use Face ID for logging into the app. How can I enable this feature?,question,0.745,question,Yes,13:07.2
5d1d8907-7ea7-4b70-91ae-771c1f83974f,How do I view my purchase history?,I’d like to see my past purchases in the app. How do I access my purchase history?,question,0.7418,question,Yes,14:14.3
15f75f4f-e50e-4a19-8977-b90cf5e61f33,How can I opt out of beta testing the app?,I no longer want to participate in beta testing the app. How can I opt out?,question,0.7431,question,Yes,15:29.1
d5d7e02a-bc27-45fd-9fa4-57b29c56a519,How do I request a refund for an accidental purchase?,I accidentally made a purchase in the app. How can I request a refund?,question,0.7402,question,Yes,16:44.5
9ec3b3a0-f4b1-4485-87e0-dcc998bc660b,How do I merge multiple accounts?,I have several accounts in the app. Is it possible to merge them into one?,question,0.7444,question,Yes,17:58.2
02b029e5-eec3-41a1-a72c-5b61a3423ec4,How do I change the app's font size?,I need larger text for easier reading. How do I adjust the font size in the app?,question,0.7415,question,Yes,19:10.3
b824e0b2-505e-4068-87cc-4c0d0f49d258,How do I recover my account if I can’t receive SMS?,I can’t receive the verification SMS. How can I recover my account without it?,question,0.7458,question,Yes,20:27.9
f1f4e748-1110-4747-b445-4b5a318b8d71,How do I set a new default shipping address?,I’ve changed my address. How do I update my default shipping address in the app?,question,0.7409,question,Yes,21:38.4
3b62b893-1458-4a49-bac4-d2c2b5b568eb,How can I check if my account is verified?,I’m not sure if my account is verified. How can I check my account verification status?,question,0.7453,question,Yes,00:03.0
4b0de4f3-f7b1-43c2-ae58-1fdff4e497f5,How do I update my payment details?,I need to update my payment details for my subscription. How do I change them in the app?,question,0.7419,question,Yes,01:18.9
77cb81b1-f24b-46eb-a251-5f77c2f14b4e,How can I change my password if I’m logged in?,"I am logged into the app, but I need to change my password. How can I do that from the settings?",question,0.7427,question,Yes,02:26.5
6d7c2267-280e-4849-bfa2-d2bfc88b19a7,How do I add a second phone number to my account?,I want to add a second phone number to my account for verification purposes. How can I do that?,question,0.7442,question,Yes,03:31.8
c00d7069-34e1-41fc-bd42-b9d5609d9d21,How do I upgrade my current subscription?,I’m interested in upgrading my subscription to a higher plan. How can I do that?,question,0.7451,question,Yes,04:42.0
9bfc3c5d-5097-4521-a243-d0bb29cdcc8b,How do I delete my saved payment methods?,I want to remove an old payment method from my account. How can I delete it?,question,0.7421,question,Yes,05:58.1
56a42860-77ea-46f5-8f34-1cc02b4d2e93,How do I disable push notifications?,I don’t want to receive push notifications anymore. How can I turn them off in the app settings?,question,0.743,question,Yes,07:07.3
e5bc15ed-6e1d-49be-b2fe-e7a8509b5503,How do I check my current subscription expiration date?,I want to know when my subscription will expire. How can I check this in the app?,question,0.7408,question,Yes,08:10.0
3751676d-4970-4b10-bf45-df51538fe88f,How do I enable biometric login?,I want to use my fingerprint for login. How do I enable biometric authentication in the app?,question,0.7424,question,Yes,09:26.2
15df67e9-dada-4a7e-b846-df957b8f0a4b,How can I reset my PIN for the app?,I forgot my PIN and need to reset it. How do I reset my PIN for app access?,question,0.7457,question,Yes,10:38.9
9b698ca8-1243-4bb9-8f4d-84b0e6209d77,How can I cancel a pending subscription?,I’ve decided not to renew my subscription. How can I cancel it before the next billing cycle?,question,0.7413,question,Yes,11:45.1
4308d148-85ad-4768-bda5-d64940ffea2f,How can I enable dark mode in the app?,I prefer using dark mode. How can I enable dark mode in the app?,question,0.7436,question,Yes,12:52.0
99d10e9d-7c55-4726-b1e1-f3fe698f5c22,How do I access my transaction history?,I want to view all my past transactions. How can I check my transaction history in the app?,question,0.7449,question,Yes,14:08.9
27201d19-b7a0-48f9-b19b-11b4600ff13b,How can I change the app’s notification preferences?,I want to control which notifications I receive. How can I customize the notification settings?,question,0.7416,question,Yes,15:14.4
6fdb1a8f-e29e-43f5-bc92-0f4d5ad0b9f7,How do I add a profile picture?,I want to upload a profile picture. How can I add or change my profile picture in the app?,question,0.7445,question,Yes,16:26.3
25fd98c9-df00-49d4-9e5a-df022799c61e,How do I unsubscribe from email notifications?,I’m receiving too many emails. How can I unsubscribe from email notifications in the app?,question,0.7407,question,Yes,17:40.5
1ea21b6c-24e7-40a2-b4bc-e75d8479f0f2,How can I restore my deleted data?,I accidentally deleted some important data in the app. Is there a way to restore it?,question,0.745,question,Yes,18:49.8
4fe3e2f1-d703-4734-bfb6-5615b30f14b3,How do I log out of the app from all devices?,I want to log out of the app from all of my devices at once. How can I do this?,question,0.7428,question,Yes,19:56.2
6271a3c5-9745-49ff-b62c-99d21fa743b9,How do I transfer my account to a new phone?,I’ve got a new phone and want to transfer my account to it. How can I move my account data over?,question,0.7415,question,Yes,21:05.4
a9f3ec1d-bc32-4384-8f38-eed6b0a48d0e,When will my subscription expire?,I would like to know the expiration date of my current subscription. When does it expire?,question,0.7435,question,Yes,00:02.4
12a29fd0-99da-4633-b75c-c4b8dfd56f80,Why am I unable to log in with my credentials?,"I’ve entered my login details, but I can’t seem to log in. Why is this happening?",question,0.741,question,Yes,01:20.7
7b84e02b-158d-4976-aef9-8c3fe90305b4,Where can I find my purchase history?,I need to review my past purchases. Where can I find my purchase history in the app?,question,0.7456,question,Yes,02:30.3
d6c5b911-b82f-42e6-b8a3-848ed4668fd5,What should I do if my payment didn’t go through?,My payment attempt failed. What should I do to fix this issue and complete my purchase?,question,0.7423,question,Yes,03:45.6
9b6cdd2a-2d1f-4538-b6c4-38984ff5b9ef,Why isn’t my profile picture uploading?,"I’ve tried to upload my profile picture, but it won’t work. Why is this happening?",question,0.7444,question,Yes,04:56.7
84d58b23-2770-40d0-b00f-d6a40838d9f7,What do I do if the app crashes unexpectedly?,The app keeps crashing without warning. What steps should I take to resolve this?,question,0.7418,question,Yes,06:10.3
5b3c798e-283d-4bda-b1ac-687537437d57,Where can I find the terms and conditions?,I need to review the terms and conditions for the service. Where can I find them in the app?,question,0.7421,question,Yes,07:25.4
dbaf02d8-57e3-47ac-b015-575f7c8d2ad6,When will the new features be available?,I’m waiting for the new features to be released. When can I expect them to be available?,question,0.7453,question,Yes,08:40.2
a37e64bb-5630-4d0f-9b9a-b91c85f4d213,What is the app's policy on data privacy?,I’m concerned about my data privacy. What is the app's policy on protecting user data?,question,0.7412,question,Yes,09:52.9
6189f6de-e58e-452b-b93f-31cfecbe209b,Why does the app keep freezing?,"Every time I try to use the app, it freezes. Why is this happening and how can I fix it?",question,0.7457,question,Yes,11:04.6
e9bc5813-dc3f-4115-b6e5-2d1053023f5c,When will my payment be processed?,"I made a payment yesterday, but it hasn’t been processed yet. When can I expect it to be completed?",question,0.7449,question,Yes,12:11.5
6d1a7278-1f66-4666-b3a3-4b609e0cf18a,What are the available subscription plans?,I’m considering upgrading my subscription. What plans do you offer and what are their benefits?,question,0.7428,question,Yes,13:23.9
f3fdc70e-d0e5-4b77-9e5e-b3e5202d68b5,Why am I receiving duplicate notifications?,I’m getting multiple notifications for the same event. Why is this happening?,question,0.7415,question,Yes,14:35.6
39e2c9c4-6ae7-442f-88db-fdeaeefcded7,Where can I manage my notifications?,I want to manage my notification settings. Where can I do that in the app?,question,0.7434,question,Yes,15:47.8
10a52745-56d5-47ae-9b8a-927b29f85b96,What can I do if I can’t access the app on my device?,I’m unable to access the app on my device. What can I do to troubleshoot the issue?,question,0.742,question,Yes,16:58.9
04b3a7ed-bcf7-453f-a04b-fcb68f0ef4bb,When will the latest update be available for download?,I’m waiting for the new update. When will it be available for download in the app store?,question,0.7451,question,Yes,18:12.0
6d0b189b-2184-4294-a850-e0a6586885f2,Why is my account being flagged for suspicious activity?,I noticed my account was flagged for suspicious activity. Why was this flagged and what should I do?,question,0.7446,question,Yes,19:24.3
a5f66b57-df7a-49ad-b1ea-07b2298e4b27,Where do I find the app’s customer support contact info?,I need assistance with my issue. Where can I find the customer support contact details in the app?,question,0.743,question,Yes,20:35.7
03ecdd0b-2095-47f7-b3a3-eccd98f0c572,Why does the app consume so much battery?,I’ve noticed that the app drains my battery quickly. Why is this happening and how can I fix it?,question,0.7419,question,Yes,21:47.5
d7b2e387-8f72-4b24-953f-763c392a8130,Why can't I access the new features on my account?,"I have the latest version of the app, but I still can't access the new features. Why is this happening?",question,0.7421,question,Yes,00:04.7
98f074df-b1e9-467d-89a6-c9c2d3774b93,What are the system requirements for using the app?,I want to know the minimum system requirements to run the app. What are they?,question,0.7433,question,Yes,01:12.1
6d53160b-0a16-47b1-b299-e5cf940a8557,"Why am I getting a ""server down"" error when I try to log in?","Every time I try to log in, I get a ""server down"" error. Why is this happening and how do I fix it?",question,0.7455,question,Yes,02:20.6
e48f7b2c-8b83-4b95-b9a4-e6e32f740cfb,Where can I find the latest updates for the app?,I need to check if there are any new updates available. Where can I find the update section in the app?,question,0.7408,question,Yes,03:35.8
a5d3b12d-347d-464a-b76b-bf2c71bcf5cd,Why was my account temporarily suspended?,I noticed my account was suspended for some reason. Why was it suspended and how can I resolve this?,question,0.7429,question,Yes,04:46.4
231a3b1f-bb9b-4190-9e72-4a848ea059e3,What is the best way to contact customer support?,I need help with an issue. What is the quickest way to reach customer support?,question,0.7431,question,Yes,06:00.5
98a283f5-c96c-42d2-b1da-df8f8d7d95ca,Where can I find the FAQ section?,I need answers to common questions about the app. Where is the FAQ section located?,question,0.7452,question,Yes,07:13.6
65c8be7e-fb92-40ff-80c6-fc4b64690f91,What should I do if my account is hacked?,My account was compromised. What steps should I take to secure it and protect my information?,question,0.7414,question,Yes,08:25.2
1a26c20d-c0be-45c7-a63a-c79c993aa8b8,When will the new payment options be available?,I’ve heard new payment options are being introduced. When will they be available in the app?,question,0.7425,question,Yes,09:39.7
0c41d2f4-cc26-4528-b913-4d189b1da7db,Why can’t I use the discount code on my order?,"I tried applying a discount code, but it isn’t working. Why is it not being accepted?",question,0.7409,question,Yes,10:53.3
e76b1b7b-8bb0-4eb9-94d0-e7cf5ae6b7d6,When do I need to renew my subscription?,"I’ve been using the service for a while, but I’m not sure when my subscription will need to be renewed. When should I renew it?",question,0.7446,question,Yes,12:05.0
072832d7-dfa9-4319-9a77-c982b5c79e3b,Where can I find my billing history?,I need to see my past bills and transactions. Where can I find my billing history in the app?,question,0.7438,question,Yes,13:17.9
a054b0a7-fb6e-4f8d-95c5-b11c84deff96,Why is the app not responding to touch inputs?,The app isn’t responding to my touch inputs. Why is it not working and what can I do to fix this?,question,0.7454,question,Yes,14:32.3
f7d74a9f-c9c3-4db4-843e-d0ca25327b3f,What features does the free version of the app offer?,I’m using the free version of the app. What features are available to me with this version?,question,0.7424,question,Yes,15:47.0
8f29b02e-473f-453f-98c5-b07c08c6c5d9,Where can I view my app usage statistics?,I’d like to track how much I’ve used the app. Where can I find my usage statistics?,question,0.7448,question,Yes,16:58.5
7a53eacb-dff6-49bc-bff5-56861c9acbfe,What are the different privacy settings in the app?,I’m concerned about my privacy. What privacy settings are available in the app?,question,0.745,question,Yes,18:12.9
5e9f9e8f-7b9d-4084-9265-d7bc14aaf7f3,When will I be charged for the renewal of my subscription?,I’ve signed up for auto-renewal. When can I expect to be charged for the renewal of my subscription?,question,0.7412,question,Yes,19:26.8
2fd92a88-3d59-47d3-b8d2-c03f7c8f8e89,What is the difference between the basic and premium plans?,I’m trying to choose between the basic and premium plans. What are the differences between the two?,question,0.7453,question,Yes,20:38.0
93dbcc8c-476b-4cc4-88b0-f0b3f6fae51e,When will the next update for bug fixes be released?,I’m experiencing some bugs in the app. When can I expect an update to fix these issues?,question,0.7427,question,Yes,21:52.7
4acbf014-b599-4428-bd87-fb63a2d87a4e,Why can’t I change my username?,"I’m trying to change my username, but it’s not allowing me to. Why is this happening?",question,0.7447,question,Yes,00:05.2
3b28c95d-3de5-4fe2-a036-ff589003d163,What are the latest improvements in the app?,I noticed there were some recent changes. What new improvements have been made in the app?,question,0.7418,question,Yes,01:16.3
5b12f3b2-0392-4b7a-bacb-22979f29b83c,When can I expect the next feature update?,I’m waiting for new features. When can I expect the next update with those features?,question,0.7435,question,Yes,02:20.8
b9388f3a-c551-4f57-a4f5-f8b4c0514b75,Where do I find the app's privacy policy?,I want to know how my data is being used. Where can I find the app’s privacy policy?,question,0.7456,question,Yes,03:30.1
431c92c2-6fe3-4e83-a6f4-d2b6f89ea593,Why is the app not syncing across devices?,"I made changes on one device, but they aren’t showing up on another. Why isn’t it syncing?",question,0.7422,question,Yes,04:42.6
bde6edbc-3e4a-4029-9f3d-bfcb3f4892e0,Where can I adjust my notification preferences?,I want to customize my notifications. Where in the settings can I adjust notification preferences?,question,0.7431,question,Yes,05:54.9
576ce870-7020-46e9-9f1b-e11f0b77813c,When does the offer for free trials end?,"I’m using a free trial, but I don’t know when it ends. When should I cancel if I don’t want to be charged?",question,0.7459,question,Yes,07:08.5
c8d01532-755f-47ab-8b19-68c4b15925ca,What should I do if I encounter an error while updating?,I’m having trouble updating the app. What should I do if I encounter an error during the update?,question,0.7415,question,Yes,08:22.0
8767c7ed-4d1c-4a1b-95bc-931e9135aaff,Where can I access the app's user manual?,I need help navigating the app. Where can I find the user manual or guide?,question,0.7442,question,Yes,09:33.6
f2e1bc5e-c658-4e4b-854f-77d85f2638b3,Why is the app taking longer to load than usual?,The app is taking much longer to load now. Why is this happening?,question,0.7428,question,Yes,10:47.1
4597308c-2fa9-4302-a5ed-4047f8a2f29f,When do I need to make my first payment?,I’m signing up for a subscription. When do I need to make my first payment?,question,0.7434,question,Yes,11:59.3
19d7b52e-20f9-45f9-9900-024b57da82e6,What steps should I follow to troubleshoot login issues?,I can't log in to my account. What troubleshooting steps should I take to resolve the issue?,question,0.7411,question,Yes,13:05.4
6a0632f0-f156-45a7-bc87-387c1b165be6,Where can I update my billing details?,I want to update my billing information. Where can I do this in the app?,question,0.7458,question,Yes,14:18.2
f58b1539-2680-43d7-bd7b-e73f89d818ac,What happens if I exceed the app's data usage limit?,I’ve been using the app a lot lately. What happens if I exceed the data usage limit?,question,0.7423,question,Yes,15:30.7
92f8fd56-f129-46e3-bfe2-dfb2f0a54535,Why did I get charged twice for the same service?,I noticed I was charged twice for the same service. Why did this happen?,question,0.7451,question,Yes,16:42.9
3a1a6236-fdf6-4725-b512-7a6a66b6a777,When will the app support dark mode?,I heard that dark mode is being introduced. When will it be available in the app?,question,0.7417,question,Yes,17:55.5
5d1c2cd5-bc36-4973-a6a5-951f84d9acfc,Where can I find my transaction receipts?,I need to access my transaction receipts. Where can I find them in the app?,question,0.744,question,Yes,19:10.2
0b1fc72d-5be6-4326-b05a-d65f81950fa7,Why can’t I link my bank account to the app?,I’m trying to link my bank account but it keeps failing. Why isn’t it working?,question,0.7426,question,Yes,20:22.7
f96ba8f9-d8e1-4230-8032-b6b7b231b6c5,What should I do if I forgot my password?,I can’t remember my password. What should I do to reset it?,question,0.7453,question,Yes,21:36.4
7a2c1c8a-38f4-42ba-8b8e-d02ff63b0c6a,Why is the app crashing on startup?,"I open the app, and it crashes immediately. Why is this happening?",question,0.7446,question,Yes,00:04.9
e3a6e129-bc45-4505-ae2d-16da426c7467,When can I expect a response from customer support?,I’ve submitted a support request. When can I expect to receive a response from the support team?,question,0.7421,question,Yes,01:19.3
5f9bb1ca-cfa7-4da2-92ca-c34a9e430784,What’s the difference between the free and premium versions?,I’m deciding whether to upgrade to premium. What are the key differences between the free and premium versions?,question,0.7453,question,Yes,02:30.2
cdbb6f1a-37ea-4707-8bb6-946a2791cc9c,Where can I enable multi-factor authentication?,I want to increase my account security. Where can I enable multi-factor authentication?,question,0.7412,question,Yes,03:40.6
47c4c27a-e2fe-43e9-a22e-cff3f2be8db7,"What does the error ""connection timeout"" mean?","I’m getting the error ""connection timeout"" whenever I try to connect. What does it mean?",question,0.7436,question,Yes,04:52.1
b8e96016-6e7b-4ef6-ae35-d77b62cc7a51,Why are my messages not sending?,"I can type and press send, but my messages aren’t going through. Why is that happening?",question,0.7423,question,Yes,06:05.7
81bb5de9-5ac1-4930-9d73-d47a57a9d6d1,What is the refund policy for in-app purchases?,I accidentally made an in-app purchase. What is the refund policy for this?,question,0.7451,question,Yes,07:20.4
d9f47313-dc76-4e72-b374-02b44c1d62f3,Where can I find the release notes for the latest version?,I want to see the changes made in the latest version. Where can I find the release notes?,question,0.744,question,Yes,08:33.0
f3f3b9ad-b5b1-4b92-9b90-b07e57297b94,When will the app be available in my country?,The app isn’t available in my country yet. When will it be released here?,question,0.7452,question,Yes,09:47.6
0df8b452-0b8e-48a1-8281-e7a0ac2343f7,Why can’t I reset my password?,"I’m trying to reset my password, but I’m not receiving the reset email. Why is that happening?",question,0.7428,question,Yes,10:58.2
2150217d-bbe0-433b-bb6d-d9b6ed0bc46a,Where can I find my referral code?,I want to share my referral code with a friend. Where can I find it in the app?,question,0.7445,question,Yes,12:11.3
b0d68935-54cc-4304-803d-53d16beab41f,What’s the maximum file size for uploads?,"I want to upload a file, but I’m unsure of the file size limit. What’s the maximum size for uploads?",question,0.7439,question,Yes,13:24.8
5b7319b7-39ca-44d7-9e9f-cbc8c84651b2,Why is the app not recognizing my fingerprint?,"I’m trying to use fingerprint login, but the app is not recognizing my fingerprint. Why is that?",question,0.7454,question,Yes,14:39.0
c5f0f7ba-995b-41bc-a697-165d56081a1f,Where can I change my language preference?,I prefer using the app in a different language. Where can I change my language settings?,question,0.7415,question,Yes,15:52.6
d97a4f3a-f03f-4b71-8fc5-d4e676ae2737,When will the next version of the app be released?,I want to know when the next update will be. When will the new version of the app be released?,question,0.7457,question,Yes,17:05.2
37606d8b-1d35-4d84-90b5-c057ff88b76e,What should I do if I’m experiencing slow performance?,The app is running slowly. What steps should I take to improve performance?,question,0.7429,question,Yes,18:19.0
4cb94f6a-53c6-45e4-b2fc-22c6b8881c9f,Why isn’t the app syncing my data with the cloud?,"I’ve saved some data locally, but it’s not syncing with the cloud. Why isn’t it syncing?",question,0.7456,question,Yes,19:32.7
35d8586c-28e9-4b7b-93d1-b2f9a4fae51a,Where can I find the app's terms and conditions?,I need to review the terms and conditions. Where can I find them in the app?,question,0.7419,question,Yes,20:44.3
06b734cc-fabf-4e2f-86c9-2e9d079defa3,What happens if I delete my account?,I’m thinking about deleting my account. What will happen if I proceed with deleting it?,question,0.7458,question,Yes,21:57.9
e0db2640-ea35-44e2-8b23-c4b84cfc3f3e,When will my subscription renew?,I want to know when my subscription will automatically renew. Can you tell me the renewal date?,question,0.7452,question,Yes,00:06.5
f2a6591c-0a52-479b-a264-d07ca615f77d,What do I do if I can't access my account anymore?,I can't log into my account anymore. What can I do to regain access?,question,0.7441,question,Yes,01:18.9
b2790737-b680-4235-9802-d466b90a1c79,Where can I find my previous orders?,I need to review my past orders. Where can I find the list of my previous orders in the app?,question,0.745,question,Yes,02:31.1
d2c7f4fe-d9f7-4be5-b003-e1560d086fc7,Why isn't my payment going through?,"I’m trying to make a payment, but it’s not processing. Why isn’t my payment going through?",question,0.7426,question,Yes,03:42.3
6b9e7bba-e658-4e69-b1fa-bc98ed78adf4,Where can I find support for app issues?,I’m having problems with the app. Where can I get support to fix these issues?,question,0.7443,question,Yes,04:53.8
58f0b0ba-b8d1-4ee5-b6c5-3e1e06fc1b43,What should I do if my app is outdated?,I’ve received a notification saying my app is outdated. What should I do to update it?,question,0.7417,question,Yes,06:07.4
5f34942c-cd78-4e0a-b055-c8974a90e253,Why can't I change my email address?,"I want to update my email, but it won’t let me. Why can't I change my email address?",question,0.7451,question,Yes,07:19.2
123e16b7-d2ed-42f1-b45f-91a92f9e88ba,What steps do I need to take to cancel my subscription?,I’m thinking of canceling my subscription. What are the steps to cancel it?,question,0.7449,question,Yes,08:32.6
9e9382b3-b869-4855-bd59-18c4f8e8a832,Where can I reset my app's settings?,I want to reset the settings back to default. Where can I do this in the app?,question,0.7415,question,Yes,09:44.9
b76b2f0b-bf0b-44cc-9b5f-c342fae4641e,What features are included in the premium plan?,I’m considering upgrading to the premium plan. What additional features are included in it?,question,0.7452,question,Yes,10:56.3
78cd784b-97f2-4097-8d59-c98ac618b3b7,Why are some of my files not uploading?,"I’m trying to upload some files, but they are not going through. Why is this happening?",question,0.7429,question,Yes,12:08.8
c15ea3cd-d431-4132-9d3a-fbf6b58f11f9,What can I do if the app isn’t syncing properly?,"I’m trying to sync my data across devices, but it’s not working. What can I do to fix this?",question,0.7455,question,Yes,13:21.2
33cf2336-d18f-4b09-bdd1-c487d3f65ae6,Where do I go to submit feedback?,I want to leave feedback about the app. Where should I go to submit it?,question,0.7414,question,Yes,14:33.7
bcc3fe4f-d0b3-4602-bf8f-39d672220a34,What happens if I forget my PIN?,I’ve forgotten my PIN. What should I do to reset it?,question,0.7437,question,Yes,15:45.4
e9605b78-ea27-43fd-81cc-44c9cde2cf43,Why isn't the search function returning results?,"I’m searching for something in the app, but it’s not returning any results. Why is that happening?",question,0.745,question,Yes,16:58.1
9237f08a-3acb-4f31-a6fa-95e15cb1c91f,What should I do if I experience a bug after an update?,"After updating the app, I’m encountering a bug. What should I do to resolve it?",question,0.7444,question,Yes,18:11.3
47299d93-4d7f-4335-bbf0-38bb6e50e88b,Why isn’t the app sending notifications?,"I’m not receiving notifications, even though I have them enabled. Why is this happening?",question,0.7453,question,Yes,19:24.9
627bfeeb-b88c-453a-bd39-b0b2437f84b0,Where can I find the app’s version number?,I need to know what version of the app I’m using. Where can I find the version number?,question,0.7418,question,Yes,20:37.2
fcd6ff63-8b71-45f6-aed0-c38c062fa77c,What is the app’s return policy for physical products?,"I made a purchase through the app, but I’m not happy with it. What is the return policy?",question,0.7454,question,Yes,21:50.4
